<?xml version="1.0" encoding="UTF-8"?>
<configuration>

    <appender name="STDOUT" class="ch.qos.logback.core.ConsoleAppender">
        <encoder>
            <pattern>%d %p (%file:%line\)- %m%n</pattern>
            <charset>UTF-8</charset>
        </encoder>
    </appender>

    <appender name="applog" class="ch.qos.logback.core.rolling.RollingFileAppender">
        <File>log/applog.log</File>
        <rollingPolicy class="ch.qos.logback.core.rolling.TimeBasedRollingPolicy">
            <fileNamePattern>log/applog.%d.%i.log</fileNamePattern>
            <maxHistory>30</maxHistory>
            <timeBasedFileNamingAndTriggeringPolicy class="ch.qos.logback.core.rolling.SizeAndTimeBasedFNATP">
                <maxFileSize>10M</maxFileSize>
            </timeBasedFileNamingAndTriggeringPolicy>
        </rollingPolicy>
        <encoder>
            <pattern>
                %d %p (%file:%line\)- %m%n
            </pattern>
            <charset>UTF-8</charset>
        </encoder>
    </appender>

    <appender name="kafka_producer_log" class="ch.qos.logback.core.rolling.RollingFileAppender">
        <File>log/kafka_producer_log.log</File>
        <rollingPolicy class="ch.qos.logback.core.rolling.TimeBasedRollingPolicy">
            <fileNamePattern>log/kafka_producer_log.%d.%i.log</fileNamePattern>
            <maxHistory>30</maxHistory>
            <timeBasedFileNamingAndTriggeringPolicy class="ch.qos.logback.core.rolling.SizeAndTimeBasedFNATP">
                <maxFileSize>10MB</maxFileSize>
            </timeBasedFileNamingAndTriggeringPolicy>
        </rollingPolicy>
        <encoder>
            <pattern>
                %d %p (%file:%line\)- %m%n
            </pattern>
            <charset>UTF-8</charset>
        </encoder>
    </appender>

    <appender name="kafka_consumer_log" class="ch.qos.logback.core.rolling.RollingFileAppender">
        <File>log/kafka_send_log.log</File>
        <rollingPolicy class="ch.qos.logback.core.rolling.TimeBasedRollingPolicy">
            <fileNamePattern>log/kafka_consumer_log.%d.%i.log</fileNamePattern>
            <maxHistory>30</maxHistory>
            <timeBasedFileNamingAndTriggeringPolicy class="ch.qos.logback.core.rolling.SizeAndTimeBasedFNATP">
                <maxFileSize>10MB</maxFileSize>
            </timeBasedFileNamingAndTriggeringPolicy>
        </rollingPolicy>
        <encoder>
            <pattern>
                %d %p (%file:%line\)- %m%n
            </pattern>
            <charset>UTF-8</charset>
        </encoder>
    </appender>

    <logger name="com.zcreator.bigdata.aggregation" level="DEBUG">
        <appender-ref ref="applog"/>
    </logger>

    <logger name="kafka_producer" level="INFO">
        <appender-ref ref="kafka_producer_log"/>
    </logger>

    <logger name="kafka_consumer" level="INFO">
        <appender-ref ref="kafka_consumer_log"/>
    </logger>

    <root level="WARN">
        <appender-ref ref="STDOUT"/>
    </root>

</configuration>