<?xml version="1.0" encoding="UTF-8"?>
<!DOCTYPE configuration PUBLIC "-//mybatis.org//DTD Config 3.0//EN"
        "http://mybatis.org/dtd/mybatis-3-config.dtd">
<configuration>
    <properties url="file:config/system-config.properties"/>
    <environments default="idb_platform">
        <environment id="idb_platform">
            <transactionManager type="JDBC" />
            <dataSource type="POOLED">
                <property name="driver" value="${spring.datasource.driver-class-name}" />
                <property name="url" value="${spring.datasource.url}" />
                <property name="username" value="${spring.datasource.username}" />
                <property name="password" value="${spring.datasource.password}" />
            </dataSource>
        </environment>

        <environment id="oozie">
            <transactionManager type="JDBC" />
            <dataSource type="POOLED">
                <property name="driver" value="${oozie.datasource.driver-class-name}" />
                <property name="url" value="${oozie.datasource.url}" />
                <property name="username" value="${oozie.datasource.username}" />
                <property name="password" value="${oozie.datasource.password}" />
            </dataSource>
        </environment>
    </environments>

    <mappers>
        <mapper resource="mybatis-mapper/ActionInfoMapper.xml"/>
        <mapper resource="mybatis-mapper/AppJobMapper.xml"/>
        <mapper resource="mybatis-mapper/JobIndexMapper.xml"/>
        <mapper resource="mybatis-mapper/JobAdminMapper.xml"/>
    </mappers>
</configuration>