<?xml version="1.0" encoding="UTF-8"?>
        <!DOCTYPE mapper PUBLIC "-//mybatis.org//DTD Mapper 3.0//EN"
                "http://mybatis.org/dtd/mybatis-3-mapper.dtd">
<mapper namespace="com.zcreate.job.dao.ActionInfoDao">

<resultMap id="ActionInfo" type="com.zcreate.job.model.ActionInfo" >
    <result column="app_idd" property="appId" />
    <result column="app_name" property="appName" />
    <result column="start_action" property="startAction" />
    <result column="action_name" property="actionName" />
    <result column="action_type" property="actionType" />
    <result column="next_action" property="nextAction" />
    <result column="exec" property="exec" />
    <result column="input_file" property="inputFile" />
    <result column="arguments" property="arguments" />
    <result column="main_class" property="mainClass" />
    <result column="insert_time" property="insert_time" />
</resultMap>


<sql id="Base_Column_List">
		t.app_id,
		t.app_name,
		t.start_action,
		t.action_name,
		t.action_type,
		t.next_action,
		t.exec,
		t.input_file,
		t.arguments,
		t.main_class,
		t.insert_time
	</sql>

<select id="findAll" resultMap="ActionInfo">
    SELECT <include refid="Base_Column_List" />
    FROM action_info AS t
</select>


<select id="findByAppId" parameterType="java.lang.String" resultMap="ActionInfo">
    SELECT <include refid="Base_Column_List" />
    FROM action_info AS t
    WHERE app_id=#{appId}
</select>

</mapper>