<?xml version="1.0" encoding="UTF-8"?>
<!DOCTYPE mapper PUBLIC "-//mybatis.org//DTD Mapper 3.0//EN"
        "http://mybatis.org/dtd/mybatis-3-mapper.dtd">
<mapper namespace="com.zcreate.job.dao.AppJobDao">

    <resultMap id="AppJob" type="com.zcreate.job.model.AppJob" >
        <result column="id" property="appId" />
        <result column="type" property="jobId" />
    </resultMap>

    <select id="findByJobId" parameterType="java.lang.String" resultMap="AppJob">
        SELECT id,`type`
        FROM WF_ACTIONS
        where id=#{appId}
    </select>

    <insert id="save" parameterType="com.zcreate.job.model.AppJob" >
        INSERT INTO app_job_id (`app_id`,`job_id`) VALUES (#{appId},#{jobId});
    </insert>


</mapper>