<?xml version="1.0" encoding="UTF-8"?>
<!DOCTYPE mapper PUBLIC "-//mybatis.org//DTD Mapper 3.0//EN"
        "http://mybatis.org/dtd/mybatis-3-mapper.dtd">
<mapper namespace="com.zcreate.job.dao.JobAdminDao">

    <resultMap id="JobInfoModel" type="com.zcreate.job.model.JobInfoModel">
        <result column="app_id" property="appId" />
        <result column="app_name" property="appName" />
        <result column="app_desc" property="appDesc" />
        <result column="project" property="projectName" />
        <result column="insert_time" property="insertTime" />
        <result column="update_time" property="updateTime" />
        <result column="operator" property="operator" />
        <result column="permiss_id" property="permissId" />
    </resultMap>

    <select id="finAll" resultMap="JobInfoModel">
        select app_id,app_name,app_desc,project,insert_time,update_time,operator,permiss_id
        from job_info
    </select>

    <select id="findByDate" parameterType="java.lang.String" resultMap="JobInfoModel">
        select app_id,app_name,app_desc,project,insert_time,update_time,operator,permiss_id
        from job_info where update_time=#{jobDate}
    </select>

    <select id="findByAppId" parameterType="java.lang.String" resultMap="JobInfoModel">
        select app_id,app_name,app_desc,project,insert_time,update_time,operator,permiss_id
        from job_info where app_id=#{appId}
    </select>


    <insert id="saveJob" parameterType="com.zcreate.job.model.JobInfoModel" useGeneratedKeys="true" keyProperty="app_id">
		INSERT INTO job_info (`app_id`,`app_name`,`app_desc`,`project`,`insert_time`,`update_time`,`operator`,`permiss_id`)
		values (#{appId},#{appName},#{appDesc},#{projectName},#{insertTime},#{updateTime},#{operator},#{permissId});
	</insert>

    <update id="updateJob" parameterType="com.zcreate.job.model.JobInfoModel" >
		UPDATE job_info
		SET `app_name` = #{appName},
		    `app_desc` = #{appDesc},
		    `project` = #{project},
		    `update_time` = #{updateTime},
		    `operator` = #{operator},
		    `permiss_id` = #{permissId}
		WHERE `app_id` = #{appId}
	</update>

    <delete id="deleteJob" parameterType="java.lang.String">
        delete from job_info
        where app_id=#{appId}
    </delete>




</mapper>