<?xml version="1.0" encoding="UTF-8"?>
<!DOCTYPE mapper PUBLIC "-//mybatis.org//DTD Mapper 3.0//EN"
        "http://mybatis.org/dtd/mybatis-3-mapper.dtd">
<mapper namespace="com.zcreate.job.dao.JobDispatchDao">

    <resultMap id="JobScheduleModel" type="com.zcreate.job.model.JobScheduleModel" >
        <result column="app_id" property="appId" />
        <result column="app_name" property="appName" />
        <result column="job_type" property="appType" />
        <result column="project" property="projectName" />
        <result column="effetive_time" property="startTime" />
        <result column="expiry_time" property="endTime" />
        <result column="description" property="appDesc" />
        <result column="operator" property="operator" />
        <result column="status" property="appStatus" />
        <result column="id" property="oozieId" />
    </resultMap>

    <!--update data time-->
    <select id="findByDate" resultMap="JobScheduleModel">
        select
            a.app_id,a.app_name,a.job_type,
            a.project,a.effetive_time,a.expiry_time,
            a.description,a.operator,b.status as status,b.id as id
        from job_scheduler_rule a
        join WF_JOBS b
        on a.app_id=b.app_name
    </select>


</mapper>