<?xml version="1.0" encoding="UTF-8"?>
<!DOCTYPE mapper PUBLIC "-//mybatis.org//DTD Mapper 3.0//EN"
        "http://mybatis.org/dtd/mybatis-3-mapper.dtd">
<mapper namespace="com.zcreate.job.dao.JobIndexDao">

    <resultMap id="JobStatusModel" type="com.zcreate.job.model.JobStatusModel" >
        <result column="suc_rate" property="sucRate" />
        <result column="fail_rate" property="failRate" />
        <result column="wait_rate" property="waitRate" />
        <result column="run_rate" property="runRate" />
        <result column="update_time" property="updateTime" />
    </resultMap>

    <resultMap id="RateHourModel" type="com.zcreate.job.model.RateHourModel">
        <result column="update_time" property="updateTime" />
        <result column="suc_rate" property="sucRate" />
        <result column="fail_rate" property="failRate" />
        <result column="run_rate" property="runRate" />
    </resultMap>

    <resultMap id="JobProjectModel" type="com.zcreate.job.model.JobProjectModel">
        <result column="project_name" property="projectName" />
        <result column="job_num" property="jobNum" />
    </resultMap>

    <resultMap id="FailJobModel" type="com.zcreate.job.model.FailJobModel">
        <result column="app_id" property="appId" />
        <result column="project_name" property="projectName" />
        <result column="end_time" property="endTime" />
    </resultMap>

    <sql id="Job_Status_List">
		suc_rate,
		fail_rate,
		wait_rate,
		run_rate,
		update_time
	</sql>

    <select id="findByDate"  resultMap="JobStatusModel">
        SELECT <include refid="Job_Status_List" />
        FROM job_status_analy where  update_time=current_date
    </select>

    <select id="findFiveDay" resultMap="JobStatusModel">
        SELECT <include refid="Job_Status_List" />
        FROM job_status_analy where  update_time >= (current_date - interval 5 day)
    </select>

    <select id="findRateHour" resultMap="RateHourModel">
        SELECT
        update_time,
        suc_rate,
        fail_rate
        from job_rate_hour
        where update_time >= (NOW() - interval 24 hour)
    </select>

    <select id="countProjectJob" resultMap="JobProjectModel" >
        select
        project as project_name,
        count(0) as job_num
        from job_info group by project
    </select>

    <select id="findFailJob"  resultMap="FailJobModel">
        select
            a.app_name as app_id,
            b.project as project_name,
            a.end_time as end_time
        from (select
                 app_name,
                 end_time,
                 status
                 from WF_JOBS where( date(end_time)='2019-03-20' or date(end_time)='2019-03-21') and (status='KILLED' or status='FAILED'))a
        join job_info b
        on a.app_name=b.app_id
    </select>


</mapper>